{
    "anchors": [
        "ecc44189-a61a-4de6-8c3e-00e3e87f6f08",
        "f0b95d29-463a-403c-b552-21152b829fb0"
    ],
    "components": {
        "Locatable": [
            {
                "anchor": "ecc44189-a61a-4de6-8c3e-00e3e87f6f08",
                "enabled": true,
                "pose": {
                    "orientation": {
                        "w": 0.9441220760345459,
                        "x": 0.24406127631664276,
                        "y": -0.17108219861984253,
                        "z": -0.14070817828178406
                    },
                    "position": {
                        "x": 0.4355941116809845,
                        "y": -0.510309100151062,
                        "z": -0.06558358669281006
                    }
                }
            },
            {
                "anchor": "f0b95d29-463a-403c-b552-21152b829fb0",
                "enabled": true,
                "pose": {
                    "orientation": {
                        "w": 0.9319117069244385,
                        "x": 0.361470103263855,
                        "y": 0.027769949287176132,
                        "z": -0.010431545786559582
                    },
                    "position": {
                        "x": 0.22723115980625153,
                        "y": -0.09484661370515823,
                        "z": -0.23489582538604736
                    }
                }
            }
        ],
        "Storable": [
            {
                "anchor": "ecc44189-a61a-4de6-8c3e-00e3e87f6f08",
                "enabled": true
            },
            {
                "anchor": "f0b95d29-463a-403c-b552-21152b829fb0",
                "enabled": true
            }
        ]
    }
}
