{
    "anchors": [
        "01a0341a-4d37-4804-9ace-baa126807f6d",
        "2e26c462-f4c8-4cf7-b258-a8ae195f75f3",
        "322a550e-6e6d-4b12-b4ee-620bc9bc09c3",
        "448c97fb-7a94-4dab-9a01-d4d98ae168df",
        "4f351907-1acc-46b2-87e8-a7acb346879c",
        "6876ec4f-a078-48db-9acc-d6ddeeee9579",
        "69f388a6-3f1b-428e-bc59-6151321efd11",
        "8e35c573-3f10-4e86-8bdd-69494291b45c",
        "a06dd9cc-b1a1-41be-88b7-d3f6d9060b7b",
        "aec8e50d-8f63-4769-9518-683a9435b452",
        "cb604449-6eb0-43cb-b3a4-9dfc49a35936",
        "ded852e9-f81a-4a6a-a8b6-1e2f3b6929cb"
    ],
    "components": {
        "Bounded2D": [
            {
                "anchor": "8e35c573-3f10-4e86-8bdd-69494291b45c",
                "enabled": true,
                "rect2D": {
                    "extent": {
                        "height": 2.690000057220459,
                        "width": 3.1700000762939453
                    },
                    "offset": {
                        "x": -1.585000038146973,
                        "y": -1.34500002861023
                    }
                }
            },
            {
                "anchor": "4f351907-1acc-46b2-87e8-a7acb346879c",
                "enabled": true,
                "rect2D": {
                    "extent": {
                        "height": 2.690000057220459,
                        "width": 3.7899999618530273
                    },
                    "offset": {
                        "x": -1.894999980926514,
                        "y": -1.34500002861023
                    }
                }
            },
            {
                "anchor": "cb604449-6eb0-43cb-b3a4-9dfc49a35936",
                "enabled": true,
                "rect2D": {
                    "extent": {
                        "height": 2.690000057220459,
                        "width": 3.740000009536743
                    },
                    "offset": {
                        "x": -1.870000004768372,
                        "y": -1.34500002861023
                    }
                }
            },
            {
                "anchor": "6876ec4f-a078-48db-9acc-d6ddeeee9579",
                "enabled": true,
                "rect2D": {
                    "extent": {
                        "height": 1.149999976158142,
                        "width": 0.6000000238418579
                    },
                    "offset": {
                        "x": -0.30000001192092896,
                        "y": -0.5699999928474426
                    }
                }
            },
            {
                "anchor": "ded852e9-f81a-4a6a-a8b6-1e2f3b6929cb",
                "enabled": true,
                "rect2D": {
                    "extent": {
                        "height": 3.7899999618530273,
                        "width": 3.200000047683716
                    },
                    "offset": {
                        "x": -1.600000023841858,
                        "y": -1.894999980926514
                    }
                }
            },
            {
                "anchor": "01a0341a-4d37-4804-9ace-baa126807f6d",
                "enabled": true,
                "rect2D": {
                    "extent": {
                        "height": 2.690000057220459,
                        "width": 3.1500000953674316
                    },
                    "offset": {
                        "x": -1.575000047683716,
                        "y": -1.34500002861023
                    }
                }
            },
            {
                "anchor": "448c97fb-7a94-4dab-9a01-d4d98ae168df",
                "enabled": true,
                "rect2D": {
                    "extent": {
                        "height": 0.8299999833106995,
                        "width": 0.6000000238418579
                    },
                    "offset": {
                        "x": -0.30000001192,
                        "y": -0.41499999165
                    }
                }
            },
            {
                "anchor": "69f388a6-3f1b-428e-bc59-6151321efd11",
                "enabled": true,
                "rect2D": {
                    "extent": {
                        "height": 3.7899999618530273,
                        "width": 3.180000066757202
                    },
                    "offset": {
                        "x": -1.590000033378601,
                        "y": -1.894999980926514
                    }
                }
            },
            {
                "anchor": "2e26c462-f4c8-4cf7-b258-a8ae195f75f3",
                "enabled": true,
                "rect2D": {
                    "extent": {
                        "height": 2.059999942779541,
                        "width": 1.0
                    },
                    "offset": {
                        "x": -0.5,
                        "y": -1.029999971389771
                    }
                }
            },
            {
                "anchor": "aec8e50d-8f63-4769-9518-683a9435b452",
                "enabled": true,
                "rect2D": {
                    "extent": {
                        "height": 1.2799999713897705,
                        "width": 0.8399999737739563
                    },
                    "offset": {
                        "x": -0.4199999868869782,
                        "y": -0.639999985694885
                    }
                }
            }
        ],
        "Bounded3D": [
            {
                "anchor": "322a550e-6e6d-4b12-b4ee-620bc9bc09c3",
                "enabled": true,
                "rect3D": {
                    "extent": {
                        "depth": 0.47999998927116394,
                        "height": 0.4699999988079071,
                        "width": 0.9599999785423279
                    },
                    "offset": {
                        "x": -0.47999998927116394,
                        "y": -0.47999998927116394,
                        "z": -0.23999999463558197
                    }
                }
            }
        ],
        "Locatable": [
            {
                "anchor": "8e35c573-3f10-4e86-8bdd-69494291b45c",
                "enabled": false,
                "pose": {
                    "orientation": {
                        "w": 0.11629799753427505,
                        "x": -0.00016900000628083944,
                        "y": -0.9932140111923218,
                        "z": 1.700000029813964e-05
                    },
                    "position": {
                        "x": 1.0219379663467407,
                        "y": 0.21243900060653687,
                        "z": 2.18451189994812
                    }
                }
            },
            {
                "anchor": "4f351907-1acc-46b2-87e8-a7acb346879c",
                "enabled": false,
                "pose": {
                    "orientation": {
                        "w": 0.6234490275382996,
                        "x": -0.0001740000006975606,
                        "y": 0.7818639874458313,
                        "z": -0.00013899999612476677
                    },
                    "position": {
                        "x": -0.9414439797401428,
                        "y": 0.2121559977531433,
                        "z": 0.7045459747314453
                    }
                }
            },
            {
                "anchor": "cb604449-6eb0-43cb-b3a4-9dfc49a35936",
                "enabled": false,
                "pose": {
                    "orientation": {
                        "w": 0.7835220098495483,
                        "x": -0.00013699999544769526,
                        "y": -0.6213639974594116,
                        "z": 0.0001740000006975606
                    },
                    "position": {
                        "x": 2.138179063796997,
                        "y": 0.21107199788093567,